player_id,web_name,position,XP,Price
151,Van Hecke,DEF,7.950081972822549,47
5,Gabriel,DEF,7.356962341715576,73
500,Osula,FWD,6.944117647058823,55
119,Mbeumo,MID,6.770049923007045,83
517,Anderson,MID,6.710056524984762,56
316,Robinson,DEF,6.649074735678363,49
145,De Cuyper,DEF,6.46910110146519,43
749,Mané,FWD,6.1460735294117645,42
291,Tarkowski,DEF,6.114069548351105,58
191,Estève,DEF,6.113645513248125,38
488,Bruno G.,MID,6.050362656841155,69
475,Botman,DEF,5.885043777667178,49
6,Saliba,DEF,5.793910871127341,63
237,Enzo,MID,5.776815072428812,64
16,Saka,MID,5.752836103017612,100
597,Richarlison,FWD,5.722941176470588,64
568,Pedro Porro,DEF,5.715211913824569,52
148,F.Kadıoğlu,DEF,5.70243491399902,45
1,Raya,GK,5.658212341715576,62
634,Mosquera,DEF,5.642495540297192,43
606,Mavropanos,DEF,5.571333573945735,45
430,Haaland,FWD,5.4624999999999995,147
547,E.Le Fée,MID,5.449533691104094,48
373,Virgil,DEF,5.405686059947085,60
341,Darlow,GK,5.32691729493954,40
146,Dunk,DEF,5.260354248177967,45
74,Truffert,DEF,5.226647314806869,47
636,S.Bueno,DEF,5.206569318696285,44
7,Calafiori,DEF,5.203535832670607,56
163,Hinshelwood,MID,5.198836142052516,52
293,O'Brien,DEF,5.148311711019244,49
708,M.Fernandes,MID,5.146451040545258,55
570,Danso,DEF,5.041057502059864,42
684,Thiaw,DEF,4.931587895314237,49
72,Senesi,DEF,4.929257608924517,52
83,O.Dango,MID,4.852556801054313,56
344,Bijol,DEF,4.828693131603209,39
469,Pope,GK,4.812029071784826,50
691,Calvert-Lewin,FWD,4.734963235294117,58
783,Groß,MID,4.66521350791152,56
200,Anthony,MID,4.600067716299089,50
387,Szoboszlai,MID,4.599620044398536,70
100,Kroupi.Jr,FWD,4.577794117647058,46
139,Verbruggen,GK,4.574861384587256,46
215,Flemming,FWD,4.541919117647059,53
77,Hill,DEF,4.485801726571575,42
736,Donnarumma,GK,4.470490154178569,56
567,Kinsky,GK,4.431756031471629,39
442,Maguire,DEF,4.405970267747785,44
694,Mukiele,DEF,4.4019950585340215,46
511,Morato,DEF,4.392233216077868,43
668,Xhaka,MID,4.388504279339387,51
411,O'Reilly,DEF,4.360250824363581,53
195,Lucas Pires,DEF,4.354739730916609,38
449,B.Fernandes,MID,4.322095508113417,104
64,Watkins,FWD,4.319316176470589,87
187,Walker,DEF,4.26636394309357,44
679,Hermansen,GK,4.254068868063382,42
796,Gallagher,MID,4.2493970675987685,50
20,Trossard,MID,4.221877552665552,66
260,Guéhi,DEF,4.22174015417857,51
670,Roefs,GK,4.205120058534021,48
807,Rayan,MID,4.183143339979122,54
210,Tchaouna,MID,4.16322077398258,48
603,Diouf,DEF,4.142691752527245,41
643,André,MID,4.12902100614466,52
267,Sarr,MID,4.104950372521445,64
332,Lukić,MID,4.098456000757948,49
21,Rice,MID,4.041409111200322,72
450,Cunha,MID,4.006337370658299,81
515,Gibbs-White,MID,4.001296132967167,75
90,Scott,MID,3.9859631420442416,49
160,Minteh,MID,3.975342501335889,55
575,Van de Ven,DEF,3.9672707373539815,44
384,Gakpo,MID,3.9455284897739116,73
418,Doku,MID,3.9420579702557417,65
314,Leno,GK,3.939007826561205,50
183,Weiss,GK,3.937313260328375,42
266,Eze,MID,3.9048978022388363,73
585,Bentancur,MID,3.890909802001162,52
299,Ndiaye,MID,3.883719592970129,63
722,Florentino,MID,3.8774975331329076,50
406,Khusanov,DEF,3.8670599520021733,54
319,Castagne,DEF,3.86394277891329,43
30,Havertz,FWD,3.8536029411764705,73
354,Ampadu,MID,3.853255059029002,49
242,Dewsbury-Hall,MID,3.8520082568412572,53
584,Tel,MID,3.8460905432513917,62
646,J.Gomes,MID,3.8374033590858363,53
817,Armstrong,FWD,3.810485294117648,51
706,Justin,DEF,3.807983471410128,40
295,Keane,DEF,3.7861283718805163,45
615,Summerville,MID,3.772093443444881,54
167,Baleba,MID,3.769975847934869,45
635,R.Gomes,DEF,3.7657542875600196,44
673,J.Palhinha,MID,3.760342116866206,55
52,J.Ramsey,MID,3.7315938991720286,53
502,Sels,GK,3.728193557289163,46
287,Pickford,GK,3.7144371954099276,56
246,Andrey Santos,MID,3.6936509851742065,44
791,Taty,FWD,3.692602941176471,55
527,Awoniyi,FWD,3.6704411764705878,52
541,Reinildo,DEF,3.666166861541792,38
84,Tavernier,MID,3.658254265854676,53
67,Petrović,GK,3.6561693736303993,46
624,Bowen,FWD,3.627926470588236,77
552,Sadiki,MID,3.578421514006018,49
574,Udogie,DEF,3.575036204727054,43
386,Mac Allister,MID,3.5720097502808885,61
235,Palmer,MID,3.555384682554984,103
815,Disasi,DEF,3.527230632769264,45
198,Tuanzebe,DEF,3.5191147309166095,39
473,Hall,DEF,3.4982788118995387,53
273,Wharton,MID,3.4980143429564117,50
728,Röhl,MID,3.493648912583352,50
97,Evanilson,FWD,3.469816176470588,66
121,Damsgaard,MID,3.460648754889475,56
129,Yarmoliuk,MID,3.460634829171095,50
152,Veltman,DEF,3.4469592400734452,43
730,Brobbey,FWD,3.4469117647058822,53
723,Canvot,DEF,3.416978796171753,45
733,Lammens,GK,3.4147349736301376,51
414,Foden,MID,3.403144752668664,80
292,Mykolenko,DEF,3.3306136659981638,49
388,C.Jones,MID,3.322267103222065,54
303,Garner,MID,3.320741651793658,52
724,Geertruida,DEF,3.3119877656536483,45
487,Barnes,MID,3.3116288775710814,61
637,Toti,DEF,3.3041598810472848,42
224,Cucurella,DEF,3.2747235250093674,61
258,Mitchell,DEF,3.274118611120438,50
106,Collins,DEF,3.2665710784190995,49
257,Lacroix,DEF,3.2308502284486345,52
666,Gyökeres,FWD,3.2251838235294112,91
613,Souček,MID,3.2239664281932234,57
508,N.Williams,DEF,3.2215496293508195,48
443,Shaw,DEF,3.2194525283488136,45
358,Tanaka,MID,3.2049333912161244,48
374,Konaté,DEF,3.201691780192588,54
101,Kelleher,GK,3.1943651960661583,48
318,Bassey,DEF,3.189412238325911,44
683,Alderete,DEF,3.1806445402274397,41
390,Gravenberch,MID,3.1628728297515094,54
367,Mamardashvili,GK,3.140910959818396,41
532,Hume,DEF,3.1351779800701296,45
660,Stach,MID,3.131704891419163,48
714,Woltemade,FWD,3.1156985294117643,67
82,Semenyo,MID,3.101512844689129,81
256,Muñoz,DEF,3.0989922712154505,59
672,Hato,DEF,3.088832779988026,46
526,Igor Jesus,FWD,3.0758455882352935,59
230,Fofana,DEF,3.0684842210821084,44
207,Hannibal,MID,3.0577722891326924,47
458,Mainoo,MID,3.0542131551722402,47
416,Bernardo,MID,3.036674634565844,62
662,Mosquera,DEF,3.0155498785723567,53
107,Lewis-Potter,DEF,2.995397351745105,48
348,Rodon,DEF,2.993411445255238,39
610,Wan-Bissaka,DEF,2.980337256026916,41
311,Beto,FWD,2.9788602941176467,51
271,Kamada,MID,2.9349849311917056,50
642,Hee Chan,MID,2.92536656505711,56
476,Burn,DEF,2.9201521904346395,50
73,Smith,DEF,2.9120818707031244,44
633,H.Bueno,DEF,2.904033917337857,43
421,Rodrigo,MID,2.8937019418407735,63
86,Brooks,MID,2.8521369350996135,50
505,Milenković,DEF,2.8450422764096426,51
407,Matheus N.,DEF,2.832346412598875,53
108,Ajer,DEF,2.808081212223424,44
640,Pedro Lima,DEF,2.7887695025772503,40
241,Caicedo,MID,2.7527709547817536,57
371,Kerkez,DEF,2.7252859598183963,56
158,Georginio,MID,2.6589580089059015,56
178,Welbeck,FWD,2.6513602941176466,64
440,Dalot,DEF,2.64123074110644,45
126,Jensen,MID,2.640165165828029,49
338,Muniz,FWD,2.6247794117647056,53
310,Barry,FWD,2.616360294117647,57
437,Martinez,DEF,2.611754388048526,48
304,Iroegbunam,MID,2.600463949098161,48
136,Thiago,FWD,2.5952352941176473,73
457,Casemiro,MID,2.590700550470261,59
110,Kayode,DEF,2.579188725477923,46
628,José Sá,GK,2.5786890984010333,42
671,Wilson,FWD,2.5748823529411764,58
17,Ødegaard,MID,2.5737229288770194,78
253,Henderson,GK,2.5734787961717522,51
686,Ngumoha,MID,2.573083269271604,43
413,Marmoush,MID,2.538218282080429,83
32,Martinez,GK,2.4900273974445883,51
261,Richards,DEF,2.4848453866834936,44
814,Netz,DEF,2.473842214646359,45
676,Ugochukwu,MID,2.4563945919564363,50
424,Bobb,MID,2.4286668298788157,51
452,Amad,MID,2.4055686150383107,62
415,Savinho,MID,2.4053171853949236,69
47,Rogers,MID,2.386374496419971,73
85,Adams,MID,2.317341611923002,49
10,Lewis-Skelly,DEF,2.3017765085604402,50
519,Dominguez,MID,2.2985340361329127,50
491,Tonali,MID,2.2836777534910127,53
785,Pablo,FWD,2.2815882352941177,54
113,Van den Berg,DEF,2.275127183962581,44
325,Smith Rowe,MID,2.262495931877243,56
489,J.Murphy,MID,2.243742507008195,59
220,Sánchez,GK,2.197287057529057,48
709,Krejčí,DEF,2.186968261178412,45
36,Cash,DEF,2.1135292092195015,47
510,Jair Cunha,DEF,2.094820979835087,42
614,Ward-Prowse,MID,2.092592264469651,56
228,Gusto,DEF,2.078719576642652,48
682,Møller Wolfe,DEF,2.0765573283958205,42
693,Hutchinson,MID,2.0655580641161864,54
317,Andersen,DEF,2.051993200375164,44
417,Cherki,MID,2.042543654882493,66
629,Bentley,GK,2.0289831614717215,39
478,Trippier,DEF,2.0249442274643368,49
720,Tolu,FWD,2.0177205882352944,51
376,Gomez,DEF,2.0154686249057474,49
329,Wilson,MID,2.0110025650359735,59
169,Gomez,MID,1.966911764705882,49
726,Kolo Muani,FWD,1.961139705882353,69
193,Humphreys,DEF,1.9597253485528616,39
262,Chadi Riad,DEF,1.9580605100404185,40
539,O'Nien,DEF,1.9562848889182414,40
55,Barkley,MID,1.948931623137155,48
41,Pau,DEF,1.9212365402002929,43
490,Joelinton,MID,1.8917626334800597,59
654,Strand Larsen,FWD,1.8506764705882355,59
370,Frimpong,DEF,1.844178946430408,57
553,Talbi,MID,1.8266896447975023,49
157,Mitoma,MID,1.821932855775839,61
494,Willock,MID,1.8121489430492848,50
525,Wood,FWD,1.8109191176470585,71
353,James,MID,1.8096530838470697,52
350,Aaronson,MID,1.7909909972604192,54
493,Longstaff,MID,1.7687499999999998,48
438,Mazraoui,DEF,1.7507689384060499,49
734,Bakwa,MID,1.750383784662355,59
609,Todibo,DEF,1.7489718599132622,43
249,João Pedro,FWD,1.7465073529411763,74
343,Struijk,DEF,1.742934448823701,42
120,Schade,MID,1.7077697392261024,68
466,Zirkzee,FWD,1.7044117647058823,58
209,Laurent,MID,1.702086374733033,48
48,Tielemans,MID,1.7012484901759788,59
54,McGinn,MID,1.6762680622733244,53
243,George,MID,1.6725735294117647,48
320,Diop,DEF,1.6619429484220705,43
727,Chukwueze,MID,1.6613391445764991,53
135,Wissa,FWD,1.6409191176470586,73
227,Colwill,DEF,1.6358923498332516,47
324,Iwobi,MID,1.6184026642743408,61
190,Ekdal,DEF,1.6045433298240181,38
216,Amdouni,FWD,1.595330882352941,48
426,McAtee,MID,1.5823227466904681,50
250,Delap,FWD,1.557720588235294,62
573,Spence,DEF,1.5236441647407064,41
470,Dúbravka,GK,1.5044845062946064,40
580,Johnson,MID,1.5035132746176023,65
405,Aké,DEF,1.4977684374705131,52
11,White,DEF,1.4950116145633805,51
813,Angulo,MID,1.4874103720948322,50
221,Jörgensen,GK,1.4847894086567812,43
455,Mount,MID,1.4696113522485712,59
38,Konsa,DEF,1.4641292995387758,44
441,Dorgu,DEF,1.4458823529411764,41
236,Neto,MID,1.4361675145824682,70
272,Lerma,MID,1.426892120792409,49
233,Acheampong,DEF,1.4244668712488568,37
402,Aït-Nouri,DEF,1.3914893298149882,57
26,Zubimendi,MID,1.3855402630686766,49
382,Wirtz,MID,1.3719566426792311,83
365,Nmecha,FWD,1.3709191176470588,50
37,Digne,DEF,1.3574791872591165,45
698,Okafor,MID,1.3546638162090707,55
50,Buendía,MID,1.3528448935119635,53
560,Isidor,FWD,1.336691176470588,50
345,Bornauw,DEF,1.3022530624347441,38
283,Mateta,FWD,1.278941176470588,76
581,Maddison,MID,1.2784926470588234,68
192,Hartman,DEF,1.2713396461138966,40
181,Kostoulas,FWD,1.270220588235294,48
337,Raúl,FWD,1.2692647058823527,60
681,Šeško,FWD,1.259470588235294,72
226,Chalobah,DEF,1.2519081091623416,54
422,Kovačić,MID,1.241360294117647,58
351,Gnonto,MID,1.1855514705882353,51
522,Yates,MID,1.1768080408081152,47
725,Hincapie,DEF,1.1764006604651314,51
335,King,MID,1.1619117647058823,44
330,Berge,MID,1.1501579050736515,49
544,Diarra,MID,1.1486284983627941,53
39,Maatsen,DEF,1.1270132572545024,42
202,Bruun Larsen,MID,1.1104779411764705,52
385,Chiesa,MID,1.1075367647058822,63
719,Lindelöf,DEF,1.0985573749015614,45
125,Janelt,MID,1.0728849506024805,49
713,A.Jimenez,DEF,1.0626520530078971,45
342,Bogle,DEF,1.050345059372678,44
486,Elanga,MID,1.041360294117647,65
331,Cairney,MID,1.0351203366957191,48
840,Mheuka,FWD,1.0,45
98,Enes Ünal,FWD,0.979595588235294,54
593,P.M.Sarr,MID,0.9650735294117645,45
712,Yeremy,MID,0.9615588235294116,58
644,Bellegarde,MID,0.9584558823529412,51
300,McNeil,MID,0.950852507467518,55
40,Mings,DEF,0.9313717395972363,43
731,Kevin,MID,0.8915441176470588,57
369,Woodman,GK,0.8827530413051593,39
143,Boscagli,DEF,0.8754262540563468,42
18,Madueke,MID,0.8713858513039707,68
499,Isak,FWD,0.8518014705882352,103
166,Ayari,MID,0.8345588235294117,48
87,Christie,MID,0.8270807356389259,49
328,Sessegnon,MID,0.78100919049653,54
116,Hickey,DEF,0.7590624556674284,40
381,M.Salah,MID,0.758566176470588,140
659,Walker-Peters,DEF,0.7516954588568996,42
372,Robertson,DEF,0.7402568101232154,57
159,March,MID,0.7352941176470588,58
447,Heaven,DEF,0.7193335267580813,37
44,Bogarde,DEF,0.7191826195096164,40
453,Garnacho,MID,0.6541176470588234,64
497,L.Miley,MID,0.6498713885007336,44
748,Dasilva,MID,0.6470588235294117,49
551,Rigg,MID,0.6450735294117647,47
362,Piroe,FWD,0.6323529411764705,49
124,Henderson,MID,0.6279411764705882,50
19,Martinelli,MID,0.6213602941176469,68
816,Angel,MID,0.6174264705882353,46
586,Bergvall,MID,0.609375,52
301,Alcaraz,MID,0.5985661764705882,52
456,Sancho,MID,0.5938035685941001,58
521,Sangaré,MID,0.5785661764705882,49
697,Adli,MID,0.5741911764705881,54
217,Foster,FWD,0.5736397058823529,49
403,Gvardiol,DEF,0.5624999999999999,58
247,D.Essugo,MID,0.5618014705882352,43
758,Mohamadou Kanté,MID,0.5514705882352942,45
244,Lavia,MID,0.548709333965375,49
632,Doherty,DEF,0.5472355431049744,44
531,Ballard,DEF,0.5348532244095314,46
699,Douglas Luiz,MID,0.5291250000000001,49
507,Aina,DEF,0.5277250470936478,47
677,Guessand,MID,0.47794117647058826,62
270,Hughes,MID,0.47647058823529403,47
302,Gana,MID,0.47541133099693006,54
294,Coleman,DEF,0.4733455882352941,42
81,Kluivert,MID,0.45955882352941174,69
88,Cook,MID,0.45955882352941174,49
231,M.Sarr,DEF,0.45955882352941174,45
346,Byram,DEF,0.45955882352941174,37
347,Gudmundsson,DEF,0.4584323202725372,38
737,Kusi-Asare,FWD,0.4411764705882352,45
680,Broja,FWD,0.4261764705882352,52
49,Bailey,MID,0.3997058823529412,55
587,Bissouma,MID,0.3968323265319716,52
801,Tóth.A,MID,0.39154411764705876,49
427,Reijnders,MID,0.3540441176470588,50
805,Lucca,FWD,0.3529411764705882,53
276,Devenny,MID,0.32756798743929916,43
336,Reed,MID,0.3017537350313089,43
717,Xavi,MID,0.2939279147672657,63
225,James,DEF,0.2840073529411764,56
808,Abraham,FWD,0.27754411764705883,57
561,Mayenda,FWD,0.275735294117647,51
409,Stones,DEF,0.275735294117647,54
173,Wieffer,MID,0.27264705882352935,49
829,Derry,MID,0.2580882352941176,45
700,Dowman,MID,0.2316176470588235,42
423,N.Gonzalez,MID,0.2273050205148121,59
263,Clyne,DEF,0.22058823529411764,38
444,Yoro,DEF,0.2117647058823529,41
326,Adama,MID,0.2044852941176471,51
651,Edozie,MID,0.1985294117647059,43
608,Scarles,DEF,0.1985294117647059,43
718,S.Magassa,MID,0.1985294117647059,50
391,Gannon-Doak,MID,0.16544117647058823,48
305,Armstrong,MID,0.16544117647058823,45
535,Cirkin,DEF,0.16544117647058823,40
31,G.Jesus,FWD,0.16544117647058823,64
296,Patterson,DEF,0.16544117647058823,44
513,Abbott,DEF,0.16544117647058823,38
232,Tosin,DEF,0.16544117647058823,40
206,Edwards,MID,0.1389705882352941,47
214,Trésor,MID,0.1389705882352941,43
797,Furo,FWD,0.1323529411764706,45
252,Marc Guiu,FWD,0.13102941176470584,40
596,Solanke,FWD,0.1260661764705882,71
695,Tchatchoua,DEF,0.12269117647058823,44
623,Potts,MID,0.11911764705882352,43
164,O'Riley,MID,0.09926470588235292,55
572,Dragusin,DEF,0.09926470588235292,45
27,Nelson,MID,0.08417647058823528,48
638,Hoever,DEF,0.0,38
498,White,MID,0.0,45
689,Seung soo,MID,0.0,43
631,Agbadou,DEF,0.0,42
4,Setford,GK,0.0,39
674,Ramsdale,GK,0.0,48
639,Meupiyou,DEF,0.0,40
501,Neave,FWD,0.0,43
825,Herrick,GK,0.0,40
13,Clarke,DEF,0.0,37
627,Johnstone,GK,0.0,44
565,Vicario,GK,0.0,47
479,Krafth,DEF,0.0,43
496,Kuol,MID,0.0,44
769,Bendito Mantato,MID,0.0,45
474,Schär,DEF,0.0,52
472,Odysseas,GK,0.0,40
471,Gillespie,GK,0.0,39
3,Hein,GK,0.0,40
766,Olagunju,DEF,0.0,40
767,Rawlings,MID,0.0,45
827,Thwaites,MID,0.0,45
788,Kukonki,DEF,0.0,40
771,Fletcher,MID,0.0,44
755,Lacey,MID,0.0,45
663,J.Arias,MID,0.0,49
777,Ojinnaka,MID,0.0,45
778,Sutherland,MID,0.0,45
468,Wheatley,FWD,0.0,45
467,Obi,FWD,0.0,42
809,Abbey,MID,0.0,45
465,Højlund,FWD,0.0,63
828,Brooks,GK,0.0,40
464,Moorhouse,MID,0.0,45
463,Kone,MID,0.0,43
15,Nichols,DEF,0.0,37
477,Livramento,DEF,0.0,49
495,Hayden,MID,0.0,45
483,Pivas,DEF,0.0,38
492,Antoñito C.,MID,0.0,49
641,Pond,DEF,0.0,39
645,Fer López,MID,0.0,51
14,Kacurri,DEF,0.0,39
647,Guedes,MID,0.0,55
485,Gordon,MID,0.0,73
648,Munetsi,MID,0.0,53
484,Targett,DEF,0.0,40
649,B.Traore,MID,0.0,50
482,Ashby,DEF,0.0,39
658,Fraser,FWD,0.0,42
481,A.Murphy,DEF,0.0,38
650,Chirewa,MID,0.0,43
480,Lascelles,DEF,0.0,43
802,Lamadrid,MID,0.0,50
652,Gonzalez,MID,0.0,43
653,Hodge,MID,0.0,45
655,Fábio Silva,FWD,0.0,49
656,Kalajdžić,FWD,0.0,49
657,Chiwome,FWD,0.0,44
753,Ruddy,GK,0.0,40
619,L.Guilherme,MID,0.0,49
765,Shahar,DEF,0.0,40
772,Alabi,MID,0.0,45
590,Bryan,MID,0.0,49
556,Ekwah,MID,0.0,45
555,Browne,MID,0.0,45
591,Gray,MID,0.0,48
554,Ba,MID,0.0,43
592,Moore,MID,0.0,50
594,Min-hyeok,MID,0.0,45
595,Olusesi,MID,0.0,43
550,Poveda,MID,0.0,47
549,Neil,MID,0.0,48
548,Mundle,MID,0.0,49
546,Aleksić,MID,0.0,49
545,Roberts,MID,0.0,54
543,Adingra,MID,0.0,49
542,Seelt,DEF,0.0,40
8,J.Timber,DEF,0.0,60
540,Pembele,DEF,0.0,39
598,Lankshear,FWD,0.0,45
538,Johnson,DEF,0.0,38
537,Huggins,DEF,0.0,40
536,Hjelde,DEF,0.0,40
599,Scarlett,FWD,0.0,43
745,Byfield,DEF,0.0,40
589,Solomon,MID,0.0,54
557,H.Jones,MID,0.0,43
588,Odobert,MID,0.0,53
576,Phillips,DEF,0.0,40
821,Whittaker,MID,0.0,45
566,Austin,GK,0.0,39
812,Ellborg,GK,0.0,40
9,Kiwior,DEF,0.0,54
800,Jocelin.T,MID,0.0,49
775,Tutierov,MID,0.0,45
569,Romero,DEF,0.0,50
571,Davies,DEF,0.0,43
774,Jenson Jones,DEF,0.0,40
735,Traoré,MID,0.0,55
577,Takai,DEF,0.0,40
558,Matete,MID,0.0,43
678,Masuaku,DEF,0.0,39
578,Vuskovic,DEF,0.0,39
579,Son,MID,0.0,85
461,Fitzgerald,MID,0.0,43
582,Kudus,MID,0.0,64
583,Kulusevski,MID,0.0,64
564,Rusyn,FWD,0.0,44
563,Luís Hemir,FWD,0.0,44
562,Abdullahi,FWD,0.0,42
559,Triantis,MID,0.0,44
534,Anderson,DEF,0.0,38
533,Alese,DEF,0.0,40
750,Rowswell,DEF,0.0,40
512,O.Richards,DEF,0.0,45
523,Da Silva Moreira,MID,0.0,45
618,G.Rodriguez,MID,0.0,48
822,Jones,MID,0.0,45
620,Earthy,MID,0.0,45
520,O'Brien,MID,0.0,50
621,Irving,MID,0.0,43
518,Jota,MID,0.0,54
516,Hudson-Odoi,MID,0.0,57
622,Orford,MID,0.0,44
514,Boly,DEF,0.0,38
625,Füllkrug,FWD,0.0,56
616,Álvarez,MID,0.0,49
626,Marshall,FWD,0.0,43
509,David Carmo,DEF,0.0,45
738,Fabianski,GK,0.0,45
506,Murillo,DEF,0.0,52
747,Mayers,DEF,0.0,40
504,Turner,GK,0.0,40
752,Golambeckis,DEF,0.0,40
503,C.Miguel,GK,0.0,40
400,Ortega Moreno,GK,0.0,47
12,Zinchenko,DEF,0.0,49
617,Cornet,MID,0.0,49
524,Stamenic,MID,0.0,45
751,Akhamrich,MID,0.0,45
601,Foderingham,GK,0.0,40
790,Williams-Barnett,MID,0.0,45
530,Nna Noukeu,GK,0.0,39
804,Souza,DEF,0.0,40
811,Kyerematen,MID,0.0,45
529,Moore,GK,0.0,39
528,Patterson,GK,0.0,42
836,Sinclair,MID,0.0,45
835,Whitehall,MID,0.0,45
818,Wilson,FWD,0.0,45
600,Areola,GK,0.0,42
729,Cuiabano,DEF,0.0,45
612,L.Paquetá,MID,0.0,59
716,Savona,DEF,0.0,45
715,John,GK,0.0,40
696,Kalimuendo,FWD,0.0,60
602,Hegyi,GK,0.0,39
604,Emerson,DEF,0.0,44
675,Gunn,GK,0.0,40
605,Kilman,DEF,0.0,41
669,Ndoye,MID,0.0,55
607,N.Aguerd,DEF,0.0,44
611,Casey,DEF,0.0,40
462,J.Fletcher,MID,0.0,43
28,Kabia,MID,0.0,45
460,Collyer,MID,0.0,45
128,Onyeka,MID,0.0,48
115,Fredrick,DEF,0.0,40
117,Ji-soo,DEF,0.0,39
118,Meghoma,DEF,0.0,40
122,Milambo,MID,0.0,52
123,Carvalho,MID,0.0,46
127,Nunes,MID,0.0,49
130,Donovan,MID,0.0,44
823,Stephenson,DEF,0.0,40
131,Konak,MID,0.0,43
132,Maghoma,MID,0.0,45
133,Peart-Harris,MID,0.0,44
134,Trevitt,MID,0.0,45
137,Morgan,FWD,0.0,44
810,Bentt,MID,0.0,45
114,Arthur,DEF,0.0,38
112,Roerslev,DEF,0.0,45
111,Pinnock,DEF,0.0,42
109,Henry,DEF,0.0,43
105,Valdimarsson,GK,0.0,38
104,Eyestone,GK,0.0,39
103,Cox,GK,0.0,39
102,Balcombe,GK,0.0,39
806,Mandas,GK,0.0,40
799,Stevens,MID,0.0,45
782,Forster,GK,0.0,40
756,DaCosta,MID,0.0,45
721,Milosavljević,DEF,0.0,44
687,Rees-Dottin,MID,0.0,43
685,Diakité,DEF,0.0,41
99,Adu-Adjei,FWD,0.0,44
96,Winterburn,MID,0.0,45
819,Shield,DEF,0.0,40
824,McManus,DEF,0.0,40
229,B.Badiashile,DEF,0.0,44
176,Mazilu,MID,0.0,45
165,Sima,MID,0.0,54
170,Milner,MID,0.0,49
171,Sarmiento,MID,0.0,49
172,Watson,MID,0.0,48
174,Yalcouye,MID,0.0,50
175,Knight,MID,0.0,44
177,Moran,MID,0.0,45
826,Owen,MID,0.0,45
179,Ferguson,FWD,0.0,55
180,Tzimas,FWD,0.0,52
744,Oriola,MID,0.0,45
761,Simmonds,DEF,0.0,40
795,Howell,MID,0.0,45
222,Penders,GK,0.0,40
162,Gruda,MID,0.0,54
161,Enciso,MID,0.0,54
156,Tasker,DEF,0.0,38
155,Slater,DEF,0.0,40
154,Cashin,DEF,0.0,40
153,Webster,DEF,0.0,44
23,Fábio Vieira,MID,0.0,54
150,Lamptey,DEF,0.0,44
149,Igor,DEF,0.0,45
24,Nørgaard,MID,0.0,51
147,Estupiñan,DEF,0.0,45
25,Nwaneri,MID,0.0,50
144,Coppola,DEF,0.0,42
142,Scherpen,GK,0.0,40
141,Rushworth,GK,0.0,40
140,McGill,GK,0.0,39
138,Steele,GK,0.0,42
95,Silcott-Duberry,MID,0.0,44
94,Sadi,MID,0.0,45
93,H.Traorè,MID,0.0,45
702,Burrowes,MID,0.0,43
62,Jimoh-Aloba,MID,0.0,45
63,Young,MID,0.0,43
65,Redmond,FWD,0.0,45
389,Elliott,MID,0.0,51
688,Wright,GK,0.0,39
701,Rowe,DEF,0.0,40
703,Proctor,GK,0.0,39
92,Faivre,MID,0.0,45
710,Patterson,DEF,0.0,39
754,George Hemmings,MID,0.0,45
757,Hollingshead,GK,0.0,40
768,Leon Routh,DEF,0.0,40
781,Carroll,DEF,0.0,40
792,Alysson,MID,0.0,50
61,Dendoncker,MID,0.0,45
60,Broggio,MID,0.0,44
59,Onana,MID,0.0,48
58,Kamara,MID,0.0,49
57,Dobbin,MID,0.0,50
56,Barrenechea,MID,0.0,50
53,Malen,MID,0.0,51
51,Iling Jr,MID,0.0,55
46,Yasin,DEF,0.0,40
45,Sousa,DEF,0.0,38
43,Alex Moreno,DEF,0.0,40
42,A.García,DEF,0.0,39
35,Marschall,GK,0.0,40
34,Gauci,GK,0.0,40
33,M.Bizot,GK,0.0,42
759,Salmon,DEF,0.0,40
711,Harriman-Annous,MID,0.0,44
184,Green,GK,0.0,40
185,Hladký,GK,0.0,39
186,Roberts,DEF,0.0,43
776,Pimlott,MID,0.0,45
91,Sinisterra,MID,0.0,50
89,Philip,MID,0.0,49
80,Soler,DEF,0.0,39
79,Mepham,DEF,0.0,40
78,J.Araujo,DEF,0.0,38
76,Bevan,DEF,0.0,38
75,Akinmboni,DEF,0.0,38
71,Zabarnyi,DEF,0.0,50
70,Paulsen,GK,0.0,40
69,McKenna,GK,0.0,39
68,Dennis,GK,0.0,40
66,Neto,GK,0.0,45
820,McMahon-Brown,MID,0.0,45
784,Brierley,MID,0.0,45
219,Obafemi,FWD,0.0,44
188,Delcroix,DEF,0.0,38
218,Barnes,FWD,0.0,42
213,Banel,MID,0.0,45
212,Adewumi,MID,0.0,45
211,A.Ramsey,MID,0.0,44
208,Koleosho,MID,0.0,50
205,Cullen,MID,0.0,49
204,Churlinov,MID,0.0,49
203,Boateng,MID,0.0,47
201,Benson,MID,0.0,54
199,Worrall,DEF,0.0,38
197,Sonne,DEF,0.0,38
196,Sambo,DEF,0.0,40
194,Jordan,DEF,0.0,39
189,Dodgson,DEF,0.0,40
223,Slonina,GK,0.0,38
234,Anselmino,DEF,0.0,40
459,Ugarte,MID,0.0,47
383,Luis Díaz,MID,0.0,80
368,Pécsi,GK,0.0,38
375,Bradley,DEF,0.0,49
377,Tsimikas,DEF,0.0,48
378,Nallo,DEF,0.0,37
379,R.Williams,DEF,0.0,37
380,Ramsay,DEF,0.0,37
392,Endo,MID,0.0,49
692,Leoni,DEF,0.0,49
393,Bajcetic,MID,0.0,42
394,McConnell,MID,0.0,44
395,Morton,MID,0.0,45
396,Nyoni,MID,0.0,43
397,Darwin,FWD,0.0,65
398,Danns,FWD,0.0,43
366,A.Becker,GK,0.0,54
839,Cresswell,MID,0.0,45
838,Chadwick,MID,0.0,45
837,Lienou,DEF,0.0,40
787,Chambers,MID,0.0,44
741,Gray,FWD,0.0,45
665,Perri,GK,0.0,44
364,Mateo Joseph,FWD,0.0,50
363,Bamford,FWD,0.0,49
361,Gyabi,MID,0.0,45
360,Gelhardt,MID,0.0,45
359,Crew,MID,0.0,45
357,Ramazani,MID,0.0,49
356,Gruev,MID,0.0,47
355,Greenwood,MID,0.0,49
29,Sambi,MID,0.0,45
352,Harrison,MID,0.0,51
661,Ekitiké,FWD,0.0,90
746,Morrison,MID,0.0,45
22,Merino,MID,0.0,53
435,Mee,GK,0.0,39
764,Heskey,MID,0.0,45
794,Alleyne,DEF,0.0,39
431,Bayindir,GK,0.0,47
432,Onana,GK,0.0,49
433,Harrison,GK,0.0,40
434,Heaton,GK,0.0,38
436,De Ligt,DEF,0.0,49
760,Lucky,DEF,0.0,40
439,D.Leon,DEF,0.0,41
445,Amass,DEF,0.0,40
446,Fredricson,DEF,0.0,37
448,Malacia,DEF,0.0,37
451,Rashford,MID,0.0,70
454,Antony,MID,0.0,59
763,Gray,MID,0.0,45
742,McAidoo,MID,0.0,45
740,Mfuni,DEF,0.0,39
739,Mukasa,MID,0.0,44
429,Phillips,MID,0.0,47
428,Nypan,MID,0.0,50
425,Echeverri,MID,0.0,54
420,Gündoğan,MID,0.0,63
412,Vitor Reis,DEF,0.0,50
410,Lewis,DEF,0.0,46
408,Rúben,DEF,0.0,55
404,Akanji,DEF,0.0,54
401,Bettinelli,GK,0.0,38
399,Ederson M.,GK,0.0,53
182,Trafford,GK,0.0,45
832,Ndiaye,DEF,0.0,40
830,Wright,FWD,0.0,45
349,Schmidt,DEF,0.0,40
2,Arrizabalaga,GK,0.0,40
340,Cairns,GK,0.0,39
280,Ozoh,MID,0.0,45
269,Esse,MID,0.0,47
274,Agbinone,MID,0.0,43
275,Ahamada,MID,0.0,43
277,Ebiowei,MID,0.0,45
278,J.Rak-Sakyi,MID,0.0,44
279,M.França,MID,0.0,45
281,Rodney,MID,0.0,44
339,Meslier,GK,0.0,41
282,Umeh,MID,0.0,45
284,Nketiah,FWD,0.0,54
285,Édouard,FWD,0.0,50
286,Marsh,FWD,0.0,44
690,Cardines,MID,0.0,44
732,Uche,FWD,0.0,55
268,Doucouré,MID,0.0,49
265,Kporha,DEF,0.0,40
264,Holding,DEF,0.0,40
259,Sosa,DEF,0.0,48
255,Matthews,GK,0.0,39
254,Benitez,GK,0.0,39
834,Kavuma-McQueen,MID,0.0,45
833,Eboué,MID,0.0,45
803,Sharman-Lowe,GK,0.0,40
789,Merrick,GK,0.0,40
743,Emenalo,MID,0.0,45
251,N.Jackson,FWD,0.0,65
248,Paez,MID,0.0,45
245,Mudryk,MID,0.0,49
240,Nkunku,MID,0.0,59
239,Gittens,MID,0.0,60
238,Estêvão,MID,0.0,64
762,Drakes-Thomas,MID,0.0,45
773,Benamar,DEF,0.0,40
780,Casey,FWD,0.0,45
704,Onyango,MID,0.0,45
168,Buonanotte,MID,0.0,46
786,McNally,GK,0.0,40
770,Ridgeon,MID,0.0,45
664,Lecomte,GK,0.0,39
334,Harris,MID,0.0,45
333,Godo,MID,0.0,45
327,Andreas,MID,0.0,53
323,Amissah,DEF,0.0,38
322,Tete,DEF,0.0,45
321,J.Cuenca,DEF,0.0,43
315,Benda,GK,0.0,40
779,Graham,FWD,0.0,45
707,Dibling,MID,0.0,53
705,Campbell,DEF,0.0,39
667,Aznou,DEF,0.0,42
793,King,DEF,0.0,40
630,King,GK,0.0,39
419,Grealish,MID,0.0,63
313,Sherif,FWD,0.0,44
312,Y.Chermiti,FWD,0.0,49
309,Metcalfe,MID,0.0,45
308,Heath,MID,0.0,45
307,Ebere,MID,0.0,44
306,Bates,MID,0.0,43
298,Welch,DEF,0.0,38
297,Dixon,DEF,0.0,38
290,Branthwaite,DEF,0.0,53
289,Tyrer,GK,0.0,39
288,Travers,GK,0.0,42
798,Imray,DEF,0.0,40
831,Gracey,GK,0.0,40
